ID,BlendProperty1,BlendProperty2,BlendProperty3,BlendProperty4,BlendProperty5,BlendProperty6,BlendProperty7,BlendProperty8,BlendProperty9,BlendProperty10
1,-0.107821,-0.111553,0.640488,0.322923,0.332489,0.579105,0.605401,0.189241,-0.221098,0.230793
2,-0.429236,-0.877447,-1.173508,-0.110352,-0.720582,-0.007624,-1.157278,-1.149403,-0.581281,0.042800
3,1.813113,1.020715,1.002004,1.217996,2.530095,1.643160,1.101132,1.763373,0.304473,2.269285
4,-0.199573,-0.027684,0.624171,-0.439979,1.973838,-0.327130,0.627499,1.106626,0.793212,-1.117347
5,-0.073245,-0.783784,1.171270,0.190627,2.412835,-0.267488,1.080488,-0.239272,-0.639386,0.895795
6,-1.355162,-1.703823,0.464554,-1.579018,0.005432,-1.421327,0.399765,-0.032586,-0.856227,0.106410
7,1.026204,0.350212,0.033716,-0.120626,-0.105542,0.476905,0.115525,0.273602,1.228996,0.161310
8,2.205418,1.095275,0.707389,1.103120,-1.545265,1.587500,0.841590,0.660451,1.590490,0.636451
9,1.463231,1.081619,1.069671,1.829580,-0.556902,1.226424,1.031047,0.227503,0.659947,0.677154
10,-1.185458,-0.874413,-1.984218,-0.539517,-1.174060,-0.616817,-2.076207,0.128479,-0.673069,-1.048599
11,-0.352486,0.312961,0.725584,0.430881,1.717559,-0.283123,0.889730,-0.173876,-0.782466,0.922773
12,1.304256,0.643355,0.829977,-0.201960,0.858452,0.357628,0.862902,0.730475,-0.395353,1.112175
13,0.621514,-0.378704,0.981183,0.243616,-1.365825,1.860816,0.877376,0.961528,1.272821,1.844612
14,-0.634958,0.705883,0.553545,-0.812117,2.667799,-0.352708,0.428082,-0.059010,-1.027014,-0.391283
15,0.718193,1.955779,0.699267,1.536101,-0.202012,0.336291,0.504590,0.939925,0.490038,-0.599078
16,-0.171697,-0.891762,0.805697,-0.542454,0.565000,-0.856374,0.848920,0.053126,-1.436834,0.097970
17,-1.335424,-1.341116,-0.153980,-1.483709,-0.779068,0.115829,-0.228679,-0.981332,-0.351886,-1.341668
18,0.004860,-0.189556,0.495043,-0.649469,-0.024634,-0.206631,0.555431,1.185069,-0.220561,-0.902983
19,0.163802,-0.314893,0.824176,-0.912308,1.637290,-1.195952,0.860461,1.084277,-1.443519,1.368904
20,-0.321424,-1.347238,0.467527,-1.076602,-0.774106,-0.562122,0.487239,0.416325,-1.212354,-1.475499
21,-0.255914,-2.192842,0.427291,-0.862748,1.933694,-1.877076,0.482148,0.687309,-0.698053,0.687107
22,0.467787,0.905499,0.265356,1.687000,0.999828,1.765361,0.179760,0.731574,0.770392,1.607686
23,1.149961,1.260002,0.939289,0.906010,1.563622,0.272838,1.035750,0.818045,0.139542,1.449985
24,0.165457,0.293794,0.326632,0.449424,-1.074440,0.259475,0.328226,-0.182107,-0.234367,0.191133
25,-1.328737,-1.004546,0.058027,-0.766915,-0.541362,-0.113236,-0.029080,-1.049938,-0.200839,-0.041739
26,-0.311069,-0.467752,0.137062,-0.745319,-0.297574,-0.266934,0.009072,-1.100719,0.053660,-1.500601
27,0.868497,0.666581,0.035384,1.906774,-1.392236,0.006855,0.003216,0.120066,0.555140,-0.981782
28,0.453986,-0.411779,-0.321557,-0.733527,-1.158916,-0.200006,-0.259081,-0.780778,0.770536,0.723675
29,-1.067350,-1.373721,-0.099548,-0.500094,-0.438305,-0.739502,-0.123800,-0.909833,-0.393727,0.251179
30,-0.038518,0.250315,-0.714252,-0.691233,-1.740888,0.342761,-0.837722,-0.644261,0.106115,-1.627745
31,-1.152926,-0.144783,0.053480,-0.503321,1.182278,-1.136684,0.203925,-0.080658,-1.535123,0.463600
32,-1.211843,-0.377859,-0.036644,-1.060307,0.374412,-1.554107,-0.244776,-0.494606,-0.733725,0.393737
33,0.625975,0.382679,-0.613750,0.129206,0.135504,-0.364350,-0.595446,0.010217,-0.217226,-0.174397
34,0.806850,1.184497,0.258449,0.011084,-0.974103,0.264691,0.173882,1.354587,-0.162058,-0.524779
35,-0.985692,-1.209848,-0.097106,-0.827810,0.118482,-0.667473,-0.126482,-1.107973,-2.173492,0.125848
36,1.806142,0.205198,0.683138,0.619758,0.858157,0.590751,0.551655,1.314153,-0.514845,0.507590
37,0.210114,-0.302997,-0.723828,0.086541,-1.285372,0.398031,-0.726779,-0.336172,1.525358,-0.336264
38,0.341590,0.661641,0.395548,1.466284,0.292211,0.570788,0.407568,0.077056,1.087004,-1.091243
39,-1.877709,-1.527039,-0.222569,-1.465639,0.230411,-0.089171,-0.201299,-1.643203,-0.762180,0.195721
40,0.097150,0.668285,0.701338,-0.847878,-0.231588,0.194576,0.494910,-0.192070,0.723687,-0.692386
41,1.814986,1.114019,1.367170,1.483270,2.139044,2.212471,1.285600,1.402686,1.180082,1.842250
42,1.922301,0.497695,1.017160,0.269307,-1.182476,0.850291,1.045435,1.119976,1.336951,2.152890
43,-1.650306,-0.266011,-0.897804,-1.219398,-0.498247,-0.568777,-0.921676,-1.759176,-0.918057,-1.447010
44,1.017251,0.424894,0.272597,0.930712,-0.336405,0.756773,0.230000,1.747999,0.388753,0.167499
45,-0.572335,-0.668935,-0.127472,-1.573897,1.834037,-1.456757,-0.069949,-0.334829,-1.413935,0.537522
46,0.590467,1.137986,0.762376,0.463531,0.808222,0.809805,0.796975,0.190479,0.923938,-0.840266
47,-1.255790,-1.822775,-0.985453,-1.230100,-0.077669,-1.931800,-0.895757,-1.092153,-1.711233,-0.328526
48,-0.159175,0.170258,-0.449543,0.102050,-0.451545,-0.585049,-0.502477,0.089074,0.749839,-0.620359
49,-0.370416,-0.814145,0.400066,-0.114218,-0.907884,-0.626437,0.433429,-0.172946,-1.609629,0.159355
50,-1.655328,-1.287153,-2.241286,-0.897604,-0.554672,-1.509318,-2.189204,-1.884816,-1.724984,-1.766821
51,1.741556,0.545529,1.680751,0.564535,2.511460,-0.561328,1.773686,-0.112273,-0.322564,1.920540
52,0.011301,1.188143,1.474886,-0.400625,1.081410,1.270194,1.452910,0.727606,1.038308,-1.055646
53,-0.056007,0.147082,-0.415265,-0.985739,0.022407,-0.425599,-0.337067,0.596848,0.538884,0.478983
54,1.346572,0.724922,0.136348,0.784776,0.620630,-0.335135,0.020571,0.675054,-0.696963,2.169768
55,0.628189,0.736516,0.417043,0.243004,-0.136735,1.251216,0.536177,0.145080,0.881210,-0.361279
56,1.157506,0.176564,0.666536,0.356092,-0.098503,0.162805,0.600454,0.993801,-0.304379,-1.368249
57,0.056780,0.364090,0.244261,0.264643,-0.164196,1.008210,0.231773,0.165275,0.406553,0.731851
58,-1.730727,-0.899174,0.541431,-0.339749,1.262474,-0.712575,0.497111,-0.520387,-1.867075,0.120143
59,-0.243473,0.387005,0.330998,0.687103,-1.372287,-0.708760,0.271715,-0.286335,0.616609,-1.934754
60,-0.993974,-1.639501,0.096809,-1.462516,1.653768,-0.760746,0.087567,-0.811562,-1.162474,0.672885
61,-0.314226,-0.098281,-1.918178,-1.117613,0.029697,-0.730819,-1.976574,-0.502406,-0.242257,-1.197998
62,0.068457,-1.116456,0.137471,-0.433060,-0.955532,0.660321,0.170007,-0.684674,0.844192,-1.003536
63,1.541606,0.490673,0.711677,1.524642,-0.226088,1.111882,0.481459,1.004571,1.132313,1.282588
64,-0.337420,-0.313989,0.578680,-0.740109,1.044237,-1.057507,0.647373,-0.124567,-1.068159,-0.031487
65,-0.495259,-0.704716,0.853386,-1.444595,0.221954,1.295031,1.000562,0.561517,0.867864,-1.023673
66,0.513088,-0.426906,-0.517599,-0.932456,0.847499,-0.030672,-0.421471,-0.336017,0.431506,-0.375287
67,0.983471,1.755196,0.996969,0.677550,-0.198898,1.741786,1.095709,1.216893,0.950324,0.871835
68,-1.009115,-0.592315,-0.776010,0.251165,-1.071628,-0.806085,-0.890494,-0.004233,-0.789905,-0.657571
69,1.491178,1.482673,0.647322,0.888874,-0.369721,-0.013236,0.663798,1.149808,-0.057294,1.745933
70,0.163538,-0.272565,0.201976,-0.339579,-0.285028,-0.672026,0.257759,-0.579935,0.176645,0.575732
71,-0.198002,-0.203576,-0.001622,-0.600649,-0.798585,-0.656636,-0.106100,0.009661,-0.589839,0.745982
72,0.711367,0.128447,0.124161,0.491825,0.281912,0.920471,0.081363,0.237465,0.462232,-1.030888
73,0.222904,0.669507,1.679165,-0.548533,2.954149,1.277542,1.713221,0.481130,0.114523,1.455414
74,1.712045,0.794768,0.934164,0.856746,1.511314,0.011001,0.935400,0.906761,0.413317,2.204612
75,1.253167,0.654748,-0.065218,0.858033,-0.541687,0.197611,-0.007438,0.497829,0.391997,0.343893
76,-1.000858,-0.093315,-0.232587,-0.286465,-0.276158,0.295982,-0.166434,-0.517705,-0.020845,-1.040780
77,-0.545877,0.051275,0.766954,-0.820949,-1.124187,-0.404381,0.700346,-0.680007,-0.674835,-0.850189
78,0.955971,0.922958,0.892932,0.292950,1.088579,1.981416,0.942443,1.899053,0.525423,-0.292139
79,0.864168,0.575542,0.373554,1.176665,-0.636052,0.526001,0.314954,0.736968,0.929541,-0.076119
80,0.543051,0.813163,-1.080179,0.516796,-0.713067,0.549787,-1.054780,-0.286204,1.952551,0.716589
81,-0.223019,0.786158,1.129768,-0.010113,-0.464899,-0.654222,1.033096,0.919154,-0.027960,1.176269
82,1.546718,1.225548,0.909803,0.252875,0.341150,1.044243,0.812069,0.386876,0.652564,-0.470569
83,-0.638556,-0.315859,0.602945,-0.673063,-0.763128,-0.192666,0.560494,-0.115198,-0.475296,0.385845
84,1.109372,0.157020,1.120742,0.310136,-0.455960,1.400378,1.233196,1.463341,-0.439481,0.374043
85,-0.443860,-0.288901,-1.332415,-1.251201,0.058429,-1.722908,-1.392769,-1.453648,-1.283311,-0.191616
86,0.193379,-0.761825,0.803112,-0.321119,1.148837,0.111003,0.827272,0.454511,-2.148904,0.692514
87,-0.760139,-1.025782,1.018604,-1.169779,0.051475,0.485416,1.001122,-0.543988,-0.404297,-1.430624
88,-1.053906,-0.126438,0.265276,-0.401379,-1.109334,-0.652065,0.207759,-0.181060,-0.785156,-0.625284
89,-0.202264,-0.297132,0.400852,-0.442883,-0.483951,-0.598206,0.392305,-0.939309,-0.590191,-0.732644
90,0.543857,-1.028764,0.749527,-0.297172,2.164924,-0.499455,0.766911,-0.048631,-1.559000,0.832839
91,-0.380209,-0.676258,-0.167061,-0.391430,-0.892267,0.015192,-0.068037,-0.279156,0.955068,-1.625406
92,-1.521848,-0.204011,0.228468,-0.917387,-0.494926,-0.786100,0.193737,-1.602851,-1.390753,-0.748006
93,0.450844,-1.183602,1.537460,0.845491,0.673901,-0.015822,1.571164,0.683250,0.009058,1.135689
94,2.005458,0.839069,0.620292,0.781612,-1.026561,0.420560,0.724290,0.814206,1.344250,2.284142
95,0.847454,0.585547,-0.145560,0.563350,-0.261264,1.111841,-0.148006,0.755371,1.807932,-0.714199
96,-1.241291,-1.080270,-0.005174,-1.530056,0.817584,-1.827598,-0.017041,-0.134434,-1.600581,-0.073389
97,0.363943,-0.057252,0.255227,-0.181104,-0.171931,-0.103493,0.121648,-0.445347,0.058953,-0.766938
98,-0.970034,-0.477278,0.342781,-0.891385,-0.976385,-1.101523,0.123864,-0.405730,-0.239971,0.148538
99,-0.247709,-0.053880,-1.587671,-0.025041,-0.050025,-0.955505,-1.623874,-0.637346,-0.191543,-0.911032
100,-0.435063,-0.531223,-0.392535,0.368974,0.691138,-0.350813,-0.422831,-0.467235,-0.454230,-0.554669
101,-1.329969,-1.733649,-1.824513,-1.009425,0.495644,-0.675627,-1.828233,-1.978300,-1.275103,-0.542371
102,-0.646403,-0.882202,-0.452131,-0.410612,-0.824663,0.203350,-0.499001,-0.436247,0.076958,-0.021226
103,-1.912607,-1.329368,-1.113725,-1.327230,-0.856871,-1.249695,-1.095605,-1.343785,-1.242864,-1.402667
104,-1.214672,-1.286987,0.862093,-0.228216,0.881875,-0.194944,0.970749,-0.740992,-0.417634,0.258347
105,0.597807,0.174497,1.017385,0.713729,0.126437,0.058667,0.886644,0.593932,-0.970577,0.544390
106,0.722405,0.970908,-1.966632,0.219684,-1.517054,0.474447,-1.979435,-1.002575,2.139504,-0.860768
107,-0.728916,-1.183250,-0.205320,0.163590,0.379189,-0.438320,-0.184526,-0.015522,-0.026741,-1.200213
108,-0.638738,0.050913,-0.168228,-0.701008,-0.802544,0.230404,-0.072613,-0.486921,-0.891020,-0.049173
109,0.011477,0.091966,0.649844,-0.068952,0.639638,-0.566391,0.652911,-0.017515,-1.266687,0.883268
110,1.052226,0.272308,-0.863847,0.928893,-0.444368,0.285641,-0.996307,-0.529445,1.203450,-0.496499
111,0.108571,-0.307351,1.443659,0.597821,1.203003,-0.462043,1.482364,0.735540,0.026457,1.126773
112,0.897163,0.579431,0.495381,-0.009067,-0.273087,0.227394,0.410848,0.853018,0.776200,1.323159
113,0.207592,-0.322614,-0.323424,0.421293,0.203442,-0.468373,-0.311404,0.013277,-0.310737,-0.480346
114,-0.342786,-0.727250,-0.905634,-0.568117,-0.812316,-0.403301,-0.900343,-1.633500,-0.198793,-0.121308
115,1.163311,0.358558,-1.245149,0.845204,-0.347995,1.318051,-1.280861,-0.010356,0.790320,-0.278503
116,-0.796475,-0.363335,-0.599318,-0.371604,0.326802,-1.159718,-0.548919,-0.308531,0.299283,-1.151367
117,-0.212210,-0.410673,-1.741225,-0.981858,-0.717915,0.053849,-1.660999,-0.691408,-0.242862,-0.518920
118,0.020270,-0.202760,0.357848,-0.711394,2.491717,1.002369,0.347254,-0.148735,0.596098,-0.492165
119,-0.472793,-0.814938,-2.019926,0.057470,-1.653595,0.389604,-2.125431,-0.791629,1.196264,-1.555588
120,0.775145,0.176354,0.373614,1.268473,0.283635,0.680720,0.353645,0.184475,0.181262,0.801365
121,-0.154406,0.231968,0.125317,0.472153,-1.153145,1.361981,0.206098,0.371896,1.000410,0.037629
122,-0.511441,-0.910468,0.262757,-0.964351,-0.118310,-0.996496,0.300977,-0.664375,-0.467161,0.664016
123,-0.103375,-0.313416,0.086357,0.326622,-0.232474,0.479147,0.095976,0.319296,0.222533,-1.547503
124,-0.473775,-0.881106,-1.359198,-1.282546,0.131875,-1.313147,-1.200916,-0.886227,-0.833506,-1.045746
125,-2.019838,-2.000102,-2.299635,-1.841540,-0.181600,-1.875688,-2.273045,-1.558129,-0.855132,-0.351822
126,1.221014,1.411418,0.108709,-0.300896,0.393938,0.926818,0.018313,0.326548,0.594782,0.425795
127,-1.018959,-1.430977,0.818715,-0.181307,2.350278,-1.594175,0.649231,0.220378,-1.276652,0.117219
128,0.386315,0.588072,-1.043379,0.790718,-1.286913,-0.656309,-1.198296,-0.468319,1.333741,-0.896405
129,-0.198395,-0.875337,-0.207865,-0.761079,1.902093,0.348842,-0.211550,-0.538390,-1.068027,0.185315
130,1.364530,1.563093,1.465697,2.583942,1.397053,1.628060,1.412287,0.599203,0.561290,0.362183
131,2.321246,1.432176,0.854281,1.729042,2.726876,1.527121,0.818789,1.897369,0.957877,0.077574
132,1.274329,1.415967,0.687385,2.038777,-0.884452,0.909964,0.792205,1.650003,2.018366,0.008085
133,0.278093,1.167236,-1.015960,1.583651,-0.556000,0.626521,-1.063977,-0.378338,0.414415,-1.399570
134,-0.931288,-1.894598,0.025188,-1.053489,1.473476,-0.691707,-0.155786,-0.495370,-0.076851,0.506755
135,-0.497520,-0.166556,-1.456149,0.269641,-1.272619,0.588458,-1.369872,0.357836,0.522331,-0.333558
136,0.623408,-0.310622,-0.199001,0.156013,0.889206,0.471454,-0.313586,0.255876,0.630422,0.367044
137,-0.277787,-0.563208,0.420395,-1.190554,0.784799,-0.325198,0.339206,-0.267906,-1.680573,0.635249
138,1.418555,0.282150,0.422010,1.471411,0.198458,0.573317,0.350043,-0.013100,0.819863,1.640750
139,0.194921,-0.623172,0.483543,0.312106,1.751657,-0.956387,0.365766,-0.223233,-1.432815,-0.192391
140,-1.072775,-0.297521,0.916273,-0.949039,-0.080495,0.905128,0.988561,0.770313,0.274837,-0.161532
141,0.421465,0.440569,-0.934000,0.029343,-0.328542,-1.113968,-0.886200,-0.081939,-0.337820,-1.015323
142,-1.156527,-0.687555,-2.110311,-1.102219,-0.880691,-0.725613,-2.071507,-0.291829,0.320072,-0.591634
143,0.937494,0.933326,0.712769,0.874026,-0.939034,0.335801,0.680054,0.833128,0.894318,1.077008
144,0.280556,-0.266389,-0.230584,-0.088701,0.488844,0.135677,-0.242101,1.064754,-0.734350,-0.241411
145,0.690464,1.089146,0.731297,0.194509,0.049073,1.429314,0.579726,0.178576,1.608713,2.068357
146,0.127149,0.691509,-0.021320,0.152131,-0.597537,1.625881,-0.112962,0.127952,0.538018,-0.352519
147,0.272538,0.517882,0.107953,-0.380315,-0.311491,0.110312,0.009740,-0.587298,0.099570,-0.003532
148,1.243155,1.130078,-0.156216,0.971544,-0.121545,1.320326,-0.148980,1.109746,0.833750,0.395898
149,-1.722460,-1.324498,-1.626697,-1.616853,0.048858,-1.682655,-1.521302,-1.561361,-0.067680,-0.228622
150,1.400236,1.254039,-0.252071,-0.100229,-0.489119,1.082284,-0.375304,0.225730,0.757504,-0.316171
151,-1.307109,-0.448459,0.170207,-1.076343,0.604060,-1.471482,0.102580,-1.106029,-0.867418,0.325700
152,-0.929404,0.062247,-0.214511,-0.732018,-0.215360,-0.038179,-0.132106,-0.681183,-1.296861,-0.886344
153,-0.132374,0.299035,-1.059982,-0.534519,-0.462280,-0.164135,-0.961843,-0.889516,-1.030467,0.919803
154,1.745117,0.615745,0.749550,0.976498,-0.314364,1.369827,0.625915,1.450031,2.341685,0.574881
155,1.308096,0.307482,0.664899,0.493224,-0.818369,0.440613,0.636600,1.266380,0.475478,0.537601
156,1.209974,0.573892,-0.755687,0.689426,-1.322519,0.112659,-0.842621,0.513768,1.597278,0.821173
157,0.003331,-0.063300,-0.149796,0.100557,0.464617,-0.911675,-0.185702,0.380093,0.207881,1.225725
158,-0.615943,-0.938362,-0.047501,-0.536174,0.000645,-0.071136,-0.026285,-0.345305,0.572453,-0.048177
159,0.160357,-0.093928,-0.190036,-0.197804,0.621554,0.520342,-0.231670,0.522797,0.341957,-0.530337
160,0.992658,-0.018795,0.508850,-0.391077,-1.392139,0.496668,0.473126,-0.325992,-0.770938,-0.837756
161,0.688648,0.209159,-1.688811,0.419137,-0.417895,0.036691,-1.654459,-0.621492,1.183039,-1.187051
162,0.890473,1.786015,0.460764,0.842000,-0.470230,0.911972,0.396872,1.195550,1.380609,1.892277
163,-0.390540,-0.724932,0.378506,0.080070,1.820492,-1.234178,0.253976,0.754646,-1.815737,0.599418
164,0.359661,-0.111184,-1.380978,0.521661,-0.219810,-0.657831,-1.356329,0.320543,0.332298,-1.146281
165,-0.744211,-0.936221,-0.975472,-0.326121,-0.382977,0.087528,-0.965037,-0.822998,-0.576464,-1.135681
166,-1.255451,-1.355171,-0.121257,-1.119693,0.122528,-0.406242,-0.141210,-0.014025,-0.529597,-1.333550
167,-0.493652,-0.241235,1.500358,0.031100,2.349751,-0.985639,1.788465,0.147692,-1.485373,0.151428
168,0.485543,-0.185186,0.185941,-0.970545,-0.104436,0.761502,0.310364,-0.282469,-0.400877,0.104694
169,0.094844,0.083249,-2.595263,0.308389,-0.697721,0.081210,-2.397094,-0.409206,0.408494,-1.585484
170,-0.085432,1.645403,0.639426,1.013306,-0.450291,0.110726,0.761184,0.505450,-0.236322,-0.563947
171,-0.475105,-0.282655,-0.164584,0.044426,-0.682082,0.814492,-0.203916,-0.049474,0.146882,-0.792832
172,0.281137,-0.213126,-0.573337,0.668757,-0.139451,0.157066,-0.534587,-0.763572,-0.684793,-1.505358
173,-0.871667,-0.533362,0.427758,-0.564787,1.490937,-0.716907,0.516788,0.065162,-0.940644,-0.263155
174,-0.529916,0.489201,1.484461,0.778612,2.200498,-0.132556,1.582482,-0.558811,-1.011285,0.614149
175,-0.442864,-0.955523,0.785212,0.254632,-0.655967,0.359453,0.769361,0.169793,0.197057,0.715951
176,0.668616,1.438756,1.526699,1.172731,2.534172,1.035671,1.521556,1.354751,0.928015,2.023828
177,0.322688,0.380454,-0.019125,0.421808,-0.391251,-1.510232,-0.095253,0.280616,-0.503835,1.168445
178,1.144510,-0.218536,0.415759,0.839247,-0.588793,0.948302,0.414261,1.147009,1.458780,0.792757
179,-0.688053,-1.130693,0.890296,-0.861120,0.405418,-1.312968,0.757119,-0.416232,-0.714567,-0.077965
180,0.311434,0.480118,0.141618,0.640874,-0.168027,-0.552302,0.173279,0.385081,-0.608236,1.680546
181,0.479504,0.434623,1.367758,0.947855,1.640235,0.975024,1.497492,1.135856,0.613492,-0.408262
182,0.183749,0.293154,-0.941625,-0.158324,-0.121467,-0.411005,-0.791600,0.311006,0.231266,0.240466
183,0.772103,0.663913,0.977728,1.018440,-0.382462,1.257892,0.992344,1.449329,0.350743,1.603132
184,-0.845496,-0.155460,1.480118,0.626044,2.760978,-0.296023,1.838490,1.482677,0.124864,0.366050
185,1.707499,1.143379,-0.137138,0.640053,-1.006397,0.237047,-0.149916,-0.265912,-0.182038,1.652642
186,-0.540010,-0.550215,0.362542,-0.732001,0.142349,0.225932,0.259608,0.415827,0.316953,-0.255549
187,0.543657,0.101468,1.345938,1.135316,-0.004586,0.419862,1.281783,1.200258,0.028072,1.067752
188,-0.359316,0.044964,-1.320664,-1.276803,-0.393494,-0.862372,-1.309312,-0.979929,0.504180,-1.358645
189,-1.139595,-1.348353,-0.247523,-1.452277,-0.459703,-1.232069,-0.319961,-1.523244,-1.146321,-0.618950
190,-1.327546,-1.449727,-2.059299,-0.576894,0.205609,-1.136419,-2.084081,-1.787718,-1.027971,-0.524164
191,1.041542,0.043546,1.401043,1.230246,-1.458159,1.516658,1.320656,1.187327,1.662055,-0.563175
192,2.434146,0.926106,1.392826,0.879449,2.721439,0.372590,1.544287,1.968105,0.971910,2.005823
193,0.234059,1.032070,1.378974,0.543232,2.234181,0.988401,1.230906,1.765089,1.273044,-0.020670
194,1.075172,0.092828,0.242951,0.265789,-0.136258,-0.186188,0.254432,-0.356883,0.919596,1.162204
195,-0.304757,-1.078390,0.155014,-1.027649,1.623937,-0.461311,0.233553,0.141719,-0.617881,0.338835
196,0.843332,0.959028,1.362871,1.559567,-0.659251,1.178934,1.415767,1.570966,0.146231,0.094887
197,-0.776360,-0.271143,-2.170632,-1.117642,0.105734,-0.642140,-2.091795,-0.795379,-0.875675,-1.438474
198,0.798938,0.751100,1.009668,0.941369,-0.446896,1.024942,1.130853,1.418120,0.771126,2.031040
199,-2.006780,-1.283539,-1.258078,-1.251652,-0.378292,-1.520323,-1.343652,-1.411940,-0.653700,-0.316333
200,-0.184904,-0.199853,0.215507,-0.540931,-0.635527,-0.225102,0.200748,0.454882,-0.485627,0.564089
201,-1.596952,-0.892638,-1.873148,-1.850903,-0.441841,-1.937858,-1.834327,-1.413607,-0.252957,-1.522547
202,1.614577,0.516028,0.697583,0.589762,-1.179008,1.961045,0.658524,0.597138,1.812336,2.040850
203,1.287651,1.485647,-0.030578,0.787214,-0.221958,0.090558,-0.017248,0.775883,0.818615,1.787798
204,2.374437,2.214210,1.147257,0.796323,1.035141,1.204585,1.139148,0.811030,-0.229021,0.216295
205,-0.976353,-1.583230,0.229443,-1.725354,0.975890,-0.302485,0.200800,-1.358091,-0.423292,0.311273
206,1.839624,0.746570,1.184207,1.477779,-0.471658,0.533381,1.054274,1.135822,0.433892,1.974605
207,1.316335,0.671252,0.097597,0.630611,-0.110175,-0.164358,0.196737,1.531515,-0.312557,1.848062
208,0.795609,1.636255,0.421854,1.324226,-0.335032,1.514375,0.388292,1.502555,0.896759,-0.722220
209,-1.575768,-1.032952,-0.463083,-1.577973,0.038516,-0.258164,-0.543211,-0.405405,-1.030764,0.396097
210,-0.607940,-1.030488,0.600741,0.461185,1.657678,-0.169038,0.531488,0.835750,-0.605293,0.328513
211,0.305961,0.456123,-0.585871,0.706051,-0.402809,0.456556,-0.648094,0.507897,1.228562,0.876422
212,0.240197,-0.041108,0.268640,0.337125,-0.798689,-0.828582,0.153470,0.439758,-0.238414,-0.808172
213,-0.562677,-0.154941,1.291814,-0.697224,2.190111,-0.481479,1.262165,0.819092,-0.606188,-0.866068
214,0.159871,-0.001233,1.021340,0.126946,1.307753,-0.537657,1.092041,-0.339167,-0.118002,-0.146629
215,-0.438318,-0.028414,-0.630097,-0.057499,-0.084863,-0.264996,-0.551367,-0.681139,0.902033,1.200606
216,0.688635,1.873194,1.495674,1.596820,2.066213,1.499540,1.644923,1.662006,1.530117,-0.583910
217,1.634131,1.882494,1.446233,0.631000,2.152190,1.039764,1.757724,1.257780,1.315718,0.539046
218,0.237371,-0.241235,0.909147,-0.280495,1.179192,0.560418,0.820717,1.609700,0.202094,-0.813156
219,-1.526219,-2.318287,-0.541091,-1.667370,-0.478811,-2.020590,-0.605379,-1.431948,-1.234645,0.095464
220,1.623281,1.414127,0.687391,0.326330,-0.832712,1.685248,0.825280,0.125562,1.614340,-1.132927
221,-0.492488,-0.044131,-0.948341,-0.592140,-0.275586,0.218139,-0.869317,-0.592395,1.484279,-0.998009
222,-0.666990,-1.372398,1.000248,-0.336810,1.190275,-0.061469,1.020306,0.347978,0.033338,0.475090
223,0.273163,-0.574995,0.720793,0.012520,1.223818,-0.081304,0.679461,0.091091,0.016581,0.523855
224,0.597205,-0.081778,0.982979,0.636825,2.369541,1.012905,0.923327,0.429702,1.229678,0.856465
225,-0.927237,-0.161703,0.406669,-0.782046,-0.404739,-0.276289,0.332011,0.453141,-0.049023,-0.216445
226,-0.178980,-0.827768,0.998698,0.010154,-0.395349,-0.757034,0.919599,-0.999607,-0.540564,-1.283332
227,1.743814,0.873855,0.299090,0.870255,1.812309,1.243835,0.315716,1.005083,0.615765,-0.920659
228,-0.193217,-0.591622,0.769397,-0.500356,-0.873325,-0.549276,0.653603,0.443424,-0.670684,-0.523542
229,-0.615276,-0.228198,0.201047,-1.129103,-0.890993,0.108566,0.092423,-1.382562,-0.778856,-0.237044
230,0.345660,0.279301,1.232203,0.404003,-1.140683,0.116093,1.217937,1.626563,-0.512355,-1.063192
231,0.003024,0.378563,-2.068681,-0.355459,-1.373320,-0.000327,-2.000074,-0.621113,-0.838321,-1.400616
232,0.172336,-0.329220,-1.716224,-0.432123,-1.000445,-0.643125,-1.727023,-0.500723,-0.070554,-0.766753
233,0.713016,1.878290,0.491401,1.565060,-0.648321,0.623317,0.567966,0.694454,1.244519,0.991279
234,-1.450360,-0.119814,-1.974490,-1.666429,0.476837,-1.279180,-1.867247,-1.291623,-0.270498,-1.452119
235,-1.092530,-1.625861,-1.165024,-0.937665,0.850856,-1.563059,-1.112041,-0.866694,-1.576651,0.080481
236,0.550930,0.838290,-0.540813,1.350556,0.284839,1.799957,-0.579400,0.965000,1.663446,-0.601907
237,-0.049475,-0.786280,0.727259,0.713151,0.603406,0.141963,0.799207,-0.152411,0.066347,-0.166915
238,1.192188,1.099756,1.191939,1.860801,0.809445,0.802871,1.267813,1.123007,1.381926,2.132881
239,-0.426028,-0.760812,-1.418983,0.103075,-0.424887,-1.189963,-1.409162,-1.089945,-1.095878,-1.219323
240,1.477372,1.863713,0.992433,1.428591,-0.598871,1.319835,0.881685,1.626912,1.105975,-0.086118
241,-0.854142,0.359412,-1.568114,0.433844,-0.982211,-0.635780,-1.871183,-0.078147,0.063762,0.101820
242,-0.964608,-0.254652,0.308428,0.034110,-0.380996,0.359541,0.257706,-0.175536,0.059654,-0.590168
243,-0.104368,1.100848,0.167445,0.051747,0.268193,0.543668,0.312091,0.699824,0.311234,-1.216066
244,0.524213,1.121253,0.126815,0.357856,-0.200729,0.557748,0.113551,0.408514,0.666278,-0.216205
245,1.457924,0.947037,0.173748,1.039027,-1.338712,0.734858,0.230460,0.760168,1.538150,1.239003
246,-1.130712,-0.421753,-1.407630,-0.214990,-1.003787,-0.527112,-1.405341,-1.307120,-0.340146,-1.539073
247,0.255215,-0.520228,1.159165,-0.246885,0.193628,-0.190257,1.069553,1.023631,-0.711461,1.141247
248,-0.563930,-0.823334,0.185209,-1.170698,0.183142,0.028443,0.239864,-0.404180,-0.694206,0.815885
249,0.878380,1.677357,0.466712,0.729061,-0.390943,0.124937,0.467597,-0.294191,1.075770,1.849580
250,0.858212,1.801182,0.680468,2.307502,-0.503730,0.268307,0.733902,0.951911,-0.195784,1.982242
251,-1.490096,-2.305331,-0.413103,-1.314824,-0.236592,-1.614534,-0.382611,-1.011286,-0.199580,-0.072217
252,-1.045273,0.148942,0.177708,-0.115963,0.291801,-0.450749,0.110261,-0.622900,-0.385568,-0.655149
253,1.889987,2.209247,0.516902,1.599374,1.995244,1.765912,0.500556,2.376230,1.461528,0.684882
254,0.251102,-0.392800,0.226491,0.668071,1.885718,0.811535,0.343197,-0.862634,-0.370138,0.147041
255,-1.329628,-1.828574,-1.000807,-0.979391,-1.150861,-0.596139,-1.006731,-1.770107,-1.232360,0.372181
256,0.360279,0.631864,1.010079,0.425352,0.488952,1.136807,1.022381,0.327192,0.727320,-0.555820
257,1.368839,1.229601,0.990134,2.040843,-0.050272,0.970587,0.924063,1.239964,1.654674,2.189359
258,1.237919,0.820762,0.416523,1.697108,-0.416404,0.574821,0.438788,1.426333,0.827007,0.477833
259,0.773552,0.341848,0.372504,0.889488,0.117591,-0.046875,0.400769,0.228093,0.072659,-0.658110
260,-1.198117,-0.471711,-1.594584,0.011664,-0.514608,-0.313241,-1.545817,-0.789907,-0.162424,-1.444561
261,0.127951,1.314658,1.343504,0.276743,1.151161,2.035636,1.289201,1.471824,1.262804,-1.218858
262,-0.439060,-0.598747,-0.695249,0.113509,0.577280,0.317386,-0.693846,-0.324088,0.606927,-0.807950
263,0.047448,1.082226,0.543765,1.330526,-0.930594,0.711884,0.629901,2.471744,-0.116823,0.710934
264,-1.346190,-0.233398,-0.530321,-0.331959,-0.648779,-0.802708,-0.424089,-0.765686,0.255249,-1.241375
265,0.031096,0.706783,1.263101,-0.290100,1.747554,-0.874558,1.234595,0.504019,-0.456322,-0.101193
266,1.265472,1.453298,1.044689,1.287505,2.273603,1.352690,1.029354,1.572028,1.221979,-0.098096
267,0.989708,0.907333,0.682886,1.445690,0.388136,1.631615,0.613841,0.857935,1.063127,-0.299708
268,-1.776066,-0.944247,-0.291998,-1.368618,-0.451251,-1.581555,-0.325868,-0.648079,-1.261198,-0.287079
269,0.122192,-0.282795,0.761195,0.036896,1.459825,0.746737,0.715088,0.809460,-0.447525,0.820957
270,-0.752049,-0.386772,0.649595,-0.882228,1.974965,-0.027020,0.643751,-0.105601,0.285299,0.669588
271,-0.011619,-0.209001,-0.199176,0.417691,0.672857,0.621662,-0.339634,1.279505,-0.165891,-0.324535
272,0.359991,0.615871,0.493654,1.263717,-1.662861,-0.187545,0.481838,0.676534,0.304346,-0.075988
273,1.459266,0.774952,1.132270,1.253607,0.391092,1.112550,1.191458,0.943278,-0.309465,2.315293
274,1.057362,1.471963,1.275478,1.665249,-0.718090,0.128921,1.221707,0.631173,0.022120,1.460438
275,-0.048474,0.438890,0.509361,0.951357,1.558056,1.297023,0.522294,0.598326,1.080313,-0.433123
276,1.278191,1.005670,1.635896,1.222214,0.173982,0.657622,1.957592,1.608843,-0.326232,1.416647
277,0.725408,0.694948,-1.004315,0.533585,-0.823750,-1.242759,-0.927001,-0.231158,0.190741,0.362850
278,-1.883916,-1.623506,-1.879737,-1.156196,-1.135575,-0.461283,-1.861274,-1.607423,-0.269758,-1.451834
279,1.740448,0.850668,0.285210,1.423930,-0.437793,0.798640,0.239342,1.546455,1.420044,0.463945
280,0.946675,0.362110,0.224953,1.628209,0.446376,0.956652,0.268235,0.121213,1.680603,0.456937
281,-0.262225,0.239836,-2.241259,-0.407544,-0.146099,0.093117,-2.151854,-1.375433,1.417979,-0.856553
282,-0.122125,0.320018,-1.577037,-0.323134,-0.540242,0.486764,-1.502644,-0.802957,1.143140,-1.373197
283,-0.383915,-0.360443,0.073116,-0.209590,0.079964,0.385195,0.084711,-0.943758,-1.458651,0.061690
284,-0.927077,-1.484083,-0.290325,-1.383763,0.037406,-1.081048,-0.284093,-1.145863,-0.962719,-0.108080
285,0.513305,0.466249,-0.809807,1.781594,0.297509,0.831046,-0.815219,0.220175,0.209431,-1.178126
286,-1.079364,-1.709187,-1.450764,-1.689965,-1.647156,-1.482047,-1.357094,-0.546431,-1.666970,-0.420390
287,0.211088,-0.139779,-2.082101,0.496833,-1.388655,-0.111843,-2.064252,-0.494589,1.623879,-1.313668
288,1.878900,2.258295,0.422864,2.193938,1.866605,1.864197,0.554717,1.251909,1.518152,0.761729
289,-1.427526,-0.831138,-1.814387,-1.018147,0.224621,-1.042467,-1.786540,-0.922482,0.233153,-1.205993
290,-1.248273,-1.389830,-0.388983,-0.816965,-0.311962,-0.667644,-0.487595,-0.898244,-0.424742,0.530491
291,-1.065015,0.178760,0.291702,0.140566,-0.852217,-0.275082,0.292294,-0.957973,-1.405501,0.994300
292,0.954528,-0.046772,0.077347,0.014382,0.639749,-0.195360,-0.031482,1.339821,0.096480,1.320651
293,-0.562005,-0.044709,-0.104395,-1.247296,0.042834,-1.036791,-0.077656,-0.059072,-0.584251,0.310647
294,0.851007,0.476679,-0.307292,1.252595,-0.055194,0.788008,-0.365947,0.116723,1.460680,-0.194722
295,-1.430461,-0.579204,-1.637643,-0.499875,-0.999484,-1.450703,-1.655117,-1.226147,-0.927060,-1.446107
296,-1.576503,-1.339496,-0.997182,-1.767988,-0.479687,-0.125476,-0.989727,-1.486100,-0.582738,0.009041
297,-0.806870,-0.300758,-1.252710,-0.070450,0.125248,-0.549455,-1.255131,-1.151521,-0.314381,0.257591
298,0.514588,0.249522,-1.176110,-0.392612,-0.359761,0.203773,-1.254595,0.017162,0.851426,-1.229692
299,0.731384,0.362075,1.332948,0.608201,2.394854,0.352508,1.419750,0.808538,-0.604220,0.379099
300,-0.847260,-1.463156,-1.126032,-1.645732,-0.954601,-1.598623,-0.778033,-0.168441,-1.244018,-0.418370
301,0.220292,0.716580,-1.754385,0.612373,-0.726585,0.794318,-1.713980,-0.006083,0.499805,-1.388664
302,0.936082,1.125681,1.314559,0.210106,1.887214,0.583051,1.486517,0.451080,0.220038,0.848937
303,-0.249989,-0.601174,0.821562,-0.128267,2.007222,-0.535272,0.736343,0.150312,-0.428172,0.608949
304,0.539379,0.856473,0.433752,-0.204322,0.134708,1.016642,0.310837,0.837170,0.729893,0.471118
305,0.487898,0.569010,0.739111,1.132355,2.094316,0.848212,0.750185,0.769953,1.271316,-1.169086
306,0.418369,-0.269809,0.641420,0.753133,-1.448745,-0.118569,0.662950,0.174962,-0.787764,0.976185
307,-0.376318,-1.391150,0.817603,-0.633741,1.365670,-0.444475,0.841179,0.305301,0.615937,0.691203
308,1.102116,1.680838,0.940607,0.516529,-0.152439,1.416901,0.956607,1.794347,1.184428,-0.321290
309,-0.226751,1.049720,1.307696,-0.237085,-0.956574,-0.382031,1.483181,0.195594,-0.882712,1.841402
310,-0.020642,0.631519,-0.670648,-0.252328,-0.116288,0.415201,-0.635343,0.770515,-0.182440,-0.781193
311,0.825650,-0.520103,0.636056,0.549153,-0.067316,0.817047,0.537168,-0.065448,-0.215306,-0.224971
312,-0.166212,-1.125932,-1.396511,0.068946,-0.586026,-0.044339,-1.464942,-0.917126,-0.431020,0.210763
313,0.351605,-0.120978,-1.454867,-0.129857,-1.053035,-0.809316,-1.530342,-0.617636,-0.613459,-1.327378
314,0.987757,-0.516780,-0.253889,1.614320,0.357839,-0.266501,-0.282616,0.147224,0.542730,0.977503
315,0.012660,0.641227,-1.277323,-0.034499,-0.360177,0.743535,-1.365293,1.024829,1.956284,-0.519032
316,-1.728464,-1.187075,-0.451090,-1.013653,-0.918783,-0.800657,-0.453303,-0.910214,-0.487665,-1.125251
317,-1.450522,-0.906561,-1.893411,-1.139361,-0.061818,-1.810826,-2.026277,-1.121659,-1.459827,-0.862381
318,-0.096164,-0.899374,-1.486503,-0.815264,-0.871111,-0.703065,-1.501301,-0.033266,1.076371,0.083930
319,-0.161378,0.141519,0.205162,1.015652,-0.632326,-0.629041,0.060758,0.860950,-0.371170,-0.085206
320,-0.307665,-1.267347,-0.139914,-1.205130,0.364463,-0.884058,-0.133595,-0.240533,-1.177313,0.107012
321,0.661752,0.617928,0.841600,-0.260047,1.013271,-0.024134,0.840379,0.183811,-0.246447,0.580934
322,1.061348,2.223177,0.565813,1.309268,0.117939,1.088922,0.478769,1.167817,0.782747,-0.746676
323,0.357871,1.240937,0.635694,1.181168,-0.313187,0.191651,0.621384,0.581616,0.958756,1.643754
324,1.060098,0.517599,0.892227,1.500216,-1.264800,0.145303,0.973594,1.144898,0.327379,1.815550
325,-0.862333,-2.024428,0.015718,-0.850717,-0.326772,-1.529856,0.020853,-1.324679,-1.182842,0.275629
326,-1.071294,0.196902,0.825803,-1.201457,-1.120780,-0.605109,0.692831,-0.808632,-0.837504,0.726099
327,-0.491722,-0.408520,1.126193,-0.199084,-0.487667,-1.107266,1.216939,0.997492,-0.545400,-0.323610
328,-0.783897,-0.877841,-0.221592,-0.461524,-0.089618,-0.656796,-0.384667,-0.190666,0.042451,-0.376352
329,-0.282510,0.959071,0.448308,0.411387,2.211015,1.899773,0.527586,0.209736,0.695496,-0.184635
330,-0.013600,-0.325937,0.026618,-0.072307,-0.783795,0.528564,-0.002393,-0.364628,-0.674083,0.075704
331,-0.456637,-0.661383,-0.757812,-1.213369,-0.301843,-0.578899,-0.603459,-0.902002,-0.653494,-1.239631
332,-0.914108,-0.550260,-0.814862,-0.484566,0.299003,-0.971093,-0.778144,-1.084077,-0.655704,0.059638
333,-0.548938,0.621345,0.670313,-1.089432,2.432070,-1.491051,0.551007,1.404460,-0.551745,-0.227392
334,0.737555,1.246482,0.840683,0.949910,-0.071293,0.211323,0.828356,0.378399,0.541043,0.104380
335,-0.395820,0.409932,0.660904,-0.405716,2.184992,-0.389676,0.816484,-0.203797,-1.023989,-0.986832
336,0.000948,0.789118,-1.286872,-0.668573,-1.171070,-0.288795,-1.326217,-0.693368,0.902339,-1.146598
337,1.516251,1.098256,1.458432,1.338874,2.000728,1.344112,1.429949,1.301611,0.733181,2.028415
338,-1.296092,-0.667836,0.709101,-0.599498,-0.750187,-0.548568,0.671464,-0.626962,-0.301209,0.278883
339,-0.905962,-0.226446,-0.797035,-0.592371,0.488514,0.083979,-0.731221,-0.233271,0.733052,-0.846431
340,1.004122,0.152334,0.769701,1.227029,1.238023,0.638779,0.750407,0.470114,0.080361,0.245144
341,0.030302,-0.978593,0.928441,-0.383187,1.886837,0.003120,0.820509,-0.523293,-0.524768,0.044513
342,-1.556330,-1.005082,-2.724935,-0.551432,-1.213360,-1.039819,-2.782817,-1.450665,-0.994965,-1.765747
343,1.543523,-0.178359,0.852184,0.108572,-0.715217,0.825773,0.878860,0.008120,-0.493892,1.271202
344,-0.629908,-1.086770,-1.184763,-0.977104,-1.022508,1.094759,-1.116016,-0.733628,-0.621117,-1.181746
345,-0.407564,-0.035710,-0.144367,-0.700990,0.057767,0.607089,-0.188365,-0.352325,-0.719880,-0.131674
346,-1.447147,-1.758643,-1.893562,-1.599170,0.265657,-2.154058,-1.829604,-1.720539,-1.785212,-1.435672
347,-0.031894,0.840835,0.738309,1.113430,0.219914,0.164062,0.648907,0.715389,0.422195,-0.021914
348,0.645882,0.478436,-0.206523,-0.169080,1.079292,0.195714,-0.128314,1.003121,-0.182754,-1.082071
349,0.211749,0.595633,-1.791479,-0.727932,-0.608389,-0.331432,-1.835683,-0.512240,2.017602,-1.222034
350,-0.017921,0.000942,1.155963,0.697298,-1.255387,0.767290,1.107088,1.048309,-0.057379,1.156642
351,0.347715,0.703982,-0.204638,0.023081,-1.688873,-0.260737,-0.117595,0.800781,1.506590,-1.083690
352,0.207314,0.550156,0.856193,0.554334,0.498113,0.559527,0.775082,-0.506776,1.093666,0.968527
353,0.024263,1.032996,0.139927,0.831981,0.553274,1.232875,0.157397,0.181108,-0.533775,1.577828
354,-0.182405,1.407703,1.029967,1.216321,1.107837,-0.069975,1.033072,1.596412,-0.118340,-0.859350
355,0.513108,-0.869472,0.235586,-0.058410,-0.599976,0.512694,0.383950,0.455998,-0.683057,1.002647
356,0.739708,-0.027953,-2.012308,-0.043878,-1.534989,0.726145,-2.006385,-0.446454,1.565449,0.763065
357,0.105221,0.417767,0.232822,0.709765,-0.526619,0.345213,0.204586,0.262103,0.423638,-0.088139
358,-0.068877,-0.400370,0.494811,-0.940183,0.341334,-0.332092,0.441811,-0.052464,-0.111175,-0.082933
359,0.421136,0.116315,-0.079479,-0.117526,-0.204428,-0.051372,0.034586,-0.157182,-0.102714,-0.360883
360,0.930024,1.184070,0.580045,1.183087,1.676154,0.828355,0.573690,0.871488,0.356698,1.641474
361,0.747083,0.363036,0.584102,0.362821,-0.213310,0.581676,0.569494,1.485560,-0.416086,1.351897
362,-1.216531,-1.437988,0.454391,-1.212737,-0.565849,-0.709791,0.460630,-0.255031,-1.007246,0.384583
363,0.982577,0.333905,0.572688,0.634063,-0.474504,0.890375,0.647835,-0.009737,-0.178659,-1.106704
364,-0.670130,1.229779,1.399724,-0.193180,2.205738,0.561690,1.282322,0.874914,0.402396,0.125029
365,1.373506,1.034722,0.251728,1.095153,-0.146063,0.733028,0.262149,-0.093501,1.429411,1.233157
366,-0.534999,-0.394410,-0.132652,-0.888244,-0.645363,-0.816689,-0.070976,-0.410619,-0.157378,-0.042211
367,-0.848410,-1.504704,-1.437293,-0.633550,-0.312687,-0.223517,-1.455607,-1.489857,-0.658702,-0.953103
368,0.653711,0.438242,-0.133683,1.236250,-0.569394,1.067238,-0.200220,0.310060,1.620122,0.317812
369,0.466023,0.926601,0.680360,0.956682,0.054269,1.388645,0.616479,1.276129,1.665066,1.383068
370,-0.141195,-1.530557,-0.280892,-0.400575,0.457161,-0.803763,-0.215721,-0.287857,-0.604805,0.142325
371,-1.588072,-1.002892,0.304986,-0.856716,-0.051622,-1.652806,0.237523,-0.524917,-0.481419,-0.626559
372,-0.955000,-1.167156,0.512509,-0.715994,0.873831,-0.706374,0.486485,-1.501891,-0.782323,-0.883165
373,0.773742,0.531679,-1.341334,1.233585,-0.094751,0.704144,-1.270739,-0.147277,1.091803,1.539210
374,0.159980,-0.074629,0.684867,0.760708,-0.341319,0.944411,0.772740,0.390036,0.069052,1.781170
375,-0.653819,-1.432276,-0.328426,-1.312574,-0.638524,-1.498960,-0.306201,-1.222077,-1.065750,-1.661448
376,1.314586,0.383321,0.940208,0.848557,2.622762,0.132106,0.989868,1.083646,-0.929673,0.949565
377,-0.545542,-0.020851,-0.003846,-0.437011,-0.768310,-0.216741,0.080367,-0.546430,-0.309658,-0.631218
378,0.340512,0.285370,0.064378,0.506976,-0.497133,0.986214,-0.058671,-0.331723,1.059478,-1.057703
379,0.046448,0.894912,-1.097179,1.715475,-0.786088,0.248808,-1.027501,-0.224253,1.859297,-1.041423
380,-1.416393,-2.045572,-2.068881,-1.911164,-0.209168,-1.550003,-2.016859,-1.745431,-1.543131,-1.264829
381,-1.089204,-1.284362,-1.014785,-1.436574,-0.900032,-0.847127,-0.983366,-0.810483,-1.423810,-0.791828
382,-0.058354,-0.583425,-0.884646,-0.057786,-0.867194,0.231208,-0.866647,-0.996435,-1.278008,0.131759
383,1.455954,0.724109,0.658846,0.813802,-1.647654,0.525820,0.729437,0.595553,-0.119081,1.951478
384,0.846942,1.316945,0.505145,-0.101570,2.106607,1.005532,0.412274,0.759675,0.747115,-1.162798
385,0.402468,0.578917,1.331116,0.772044,-0.298141,0.958421,1.435323,1.352149,0.966754,1.112486
386,0.693376,0.845552,-1.162457,1.406163,-0.545723,0.988443,-0.971046,0.390021,0.652726,-0.684241
387,-0.375299,-1.068668,0.173052,-0.363576,-0.552086,-0.738339,0.209162,-0.629625,0.657364,0.415959
388,-0.515265,-0.234664,1.033188,-0.435779,2.023364,-0.556806,1.087181,0.164021,-0.481945,-0.240523
389,-0.546474,-0.542524,-1.010424,-0.549064,-0.159554,0.391303,-0.990257,-0.442098,0.254324,-0.979165
390,1.085700,1.603815,0.807419,0.958045,-0.350043,0.915899,0.793860,1.192860,1.149482,-1.020218
391,1.193883,1.156248,0.480482,-0.474602,-0.940051,1.655301,0.532725,1.350463,1.247190,-0.413799
392,1.693905,0.464593,0.562383,1.376591,-0.795141,1.125683,0.685224,0.749731,0.627899,1.530195
393,0.725779,0.712298,0.257069,0.835370,-0.479191,1.269587,0.245238,1.266129,0.782092,-1.200787
394,-1.484325,-1.037505,0.582790,-0.882491,-0.941062,0.115975,0.556167,-0.819227,-0.481069,0.175395
395,0.273502,1.350591,0.824458,0.824895,0.628272,1.372132,0.789386,0.440420,0.827006,0.385423
396,-0.229056,-0.724232,-0.219419,-0.887726,-0.572110,0.111533,-0.327615,-0.626046,-0.153128,0.118541
397,-0.893143,-0.776171,-1.099685,-1.003935,-1.091883,-1.412145,-1.189237,-0.603553,-1.525196,-1.150694
398,-0.318470,-0.016191,-2.842062,-1.010313,-0.329152,-1.074674,-2.801944,-1.614570,-0.155008,-1.007047
399,-0.921997,-0.683651,-0.429036,-0.739160,0.227937,-0.221711,-0.507074,-0.186892,-0.039314,-1.722929
400,-2.023088,-1.530466,-2.114685,-1.618835,-0.064556,-2.007960,-2.035617,-1.499298,-0.863306,-0.229952
401,-0.937296,-1.548062,0.474712,-0.279666,1.865490,-1.150070,0.465407,-0.007294,-2.567690,0.280118
402,0.976717,1.467917,0.865752,0.804651,1.144384,0.150168,0.748014,2.206259,-0.230532,0.396048
403,1.697790,1.357165,0.774175,1.592100,1.159909,1.642523,0.742697,0.886220,0.879120,2.311917
404,0.639918,0.643365,0.729084,0.443058,-0.316647,-0.583592,0.755004,0.534591,-0.304189,-0.015091
405,0.112494,0.741183,0.734641,0.558960,-1.434406,0.428588,0.879509,0.179148,-0.566999,-1.097978
406,-0.102991,0.092993,0.484307,0.811035,-1.085454,-0.122672,0.417635,-0.155737,-0.018943,-1.103972
407,0.979017,-0.128598,-0.142168,0.454662,-0.589335,-0.324483,-0.188986,-0.146285,-0.160660,-1.242763
408,0.053693,-0.798646,0.471684,-0.477718,1.471190,-0.688099,0.558188,1.292887,-0.283586,0.634630
409,0.059881,0.755927,-1.187738,-0.603489,-0.618074,0.706225,-1.058181,-0.112186,0.001723,-0.406677
410,0.434199,0.046398,-0.064070,0.381869,-0.069788,0.113659,0.025416,-0.350576,0.063554,0.835908
411,-1.683974,-0.837219,-0.452167,-0.546590,-0.639942,-0.785013,-0.369516,-1.074007,-0.863019,-0.137464
412,2.011229,1.337709,0.904383,1.340105,-0.920459,0.538344,0.923407,0.713756,1.371977,-0.030195
413,-1.307831,-1.025547,-0.571003,-1.284311,-0.320285,-0.838424,-0.591734,-0.731713,-1.684090,-1.405987
414,-0.301226,-0.505138,0.778045,0.293996,-0.460747,-0.742166,0.752418,-1.152787,-0.310861,0.699240
415,1.905913,1.918735,1.473529,1.883408,-0.324430,0.946915,1.531197,0.935044,1.467613,0.796238
416,-0.719503,-1.074878,0.283863,-0.591699,1.399705,-0.711102,0.122944,-0.515428,-0.627712,0.491783
417,0.818412,0.509199,-0.247970,-0.161854,1.831838,0.347359,-0.179734,0.469926,-0.067296,-0.555803
418,0.719893,0.640743,-0.085621,0.421453,-0.521208,0.486746,-0.173369,0.045383,0.265775,1.438256
419,0.031984,0.482518,0.362187,0.309349,-0.679575,-0.477744,0.331159,1.471370,0.255519,-0.852162
420,1.705823,0.923322,0.893141,0.311358,2.239442,-0.151907,1.041294,1.128665,-0.645265,0.128037
421,-1.127257,-1.122935,-1.398134,-0.777771,0.230780,-1.082140,-1.343200,-1.193757,-0.208830,-0.085089
422,-0.889308,-1.035064,0.034027,-0.643350,1.298919,0.343998,-0.000003,-0.212186,-0.928896,0.556162
423,-0.702054,-0.058008,1.112080,0.625026,1.771805,0.069255,1.170652,1.713299,-1.544166,1.530684
424,-0.270640,0.226523,0.254698,0.321742,-1.035558,-0.983503,0.203105,0.227565,-0.216847,1.503399
425,-0.416258,-0.397189,0.196543,0.082509,-0.107003,-0.234866,0.167501,-1.254145,-0.708859,-0.089313
426,0.045769,1.193758,1.380672,0.119937,1.771629,0.168890,1.508843,0.482469,0.934668,1.108592
427,0.016472,0.596391,0.518705,0.409872,-0.864448,0.090066,0.603954,0.030147,-0.763411,-1.496899
428,0.435760,-0.584413,-1.723839,0.602055,-0.377899,0.429930,-1.711822,-0.478004,2.336970,-0.514484
429,0.562659,0.421365,-2.230488,-0.784386,-0.575136,0.104548,-2.194550,-0.577326,2.215049,-1.286406
430,0.924606,0.682206,1.444312,1.430965,0.549640,0.360149,1.438207,1.259089,1.467414,2.620954
431,-1.073754,-1.122969,-0.105526,-0.770113,-0.088145,-0.015740,-0.115731,-1.215594,-0.703641,-0.452621
432,0.068699,-0.062712,0.673038,0.072266,1.180409,0.706541,0.731552,0.058052,-0.782268,-0.200151
433,1.024261,0.681737,0.209052,1.151101,0.164753,0.027803,0.269792,0.491354,0.742046,0.756806
434,-0.937763,-0.587701,-0.193263,0.154402,0.053419,0.219967,-0.152041,-0.309383,-1.293207,0.559533
435,-0.268420,0.499052,1.047659,-0.722714,2.751744,0.354025,0.947780,-0.092903,-1.874817,0.412973
436,0.961876,1.544372,-0.147942,0.774878,-0.039830,0.463724,-0.187925,0.707009,1.286427,-1.183206
437,-0.946518,-0.849666,0.458235,-0.742016,0.065437,0.323014,0.453337,-0.059386,-0.428735,-0.557155
438,-1.224807,-0.876487,-1.487093,-1.958902,-1.137513,-0.844763,-1.497418,-2.303512,-1.480298,-0.684255
439,-0.174310,-0.682646,-0.988620,-0.525798,-0.425963,-0.042937,-0.937649,-1.092900,0.185474,0.067713
440,0.053643,0.009955,0.171945,-0.102012,-0.914733,-0.462557,0.122947,-0.791641,0.151724,-0.514049
441,-1.498219,-1.180612,-1.897458,-1.341807,-0.264195,-0.972697,-1.905836,-1.419629,-0.592559,-1.820975
442,0.867237,1.625905,1.064606,0.825504,2.609061,0.081176,1.200681,1.276208,0.247873,0.876052
443,0.288477,0.879704,0.634968,0.981437,-0.396429,0.756813,0.517297,1.005681,0.380390,1.660811
444,0.026868,-0.563844,-0.045148,0.169312,-0.659141,0.280872,0.011597,0.478729,0.105308,-0.647644
445,0.193830,1.367558,1.230095,0.279650,-0.177837,-0.328850,1.038176,0.222876,-0.090822,-1.768194
446,0.142327,-0.225783,0.733194,-0.394172,0.092974,-0.724208,0.790607,0.521197,-1.428545,0.749197
447,0.472069,-0.346464,1.326193,-1.140479,0.387353,0.704260,1.535961,0.870370,0.072406,-0.275816
448,1.178819,0.381281,0.631970,1.215053,2.036104,-0.634150,0.608020,1.407558,0.001333,0.923414
449,0.651134,0.158851,0.821592,1.050113,0.807361,-0.749267,0.907887,1.482414,-0.285933,1.022800
450,0.135851,0.605165,-0.111721,0.396132,-1.066239,-0.246855,0.037861,1.041804,-0.520668,1.368931
451,-1.392332,-1.323102,-0.388265,-1.368239,-0.494088,-0.566060,-0.291048,-1.279510,-1.106766,-0.831952
452,0.315940,0.880124,-1.536780,-0.072771,-0.775262,0.140148,-1.638474,-0.150993,-0.274246,-0.644541
453,1.407573,1.326526,0.994093,1.077072,-1.751669,1.058255,0.914219,1.092512,1.013683,0.799674
454,1.388395,0.217286,0.324489,0.142549,0.317706,2.116071,0.277656,1.581999,0.096503,-0.425334
455,-1.948460,-0.846301,-1.149748,-1.872885,-0.164507,-1.546509,-1.117498,-1.622461,-0.704339,-1.347383
456,1.393551,1.144346,1.394973,0.725485,-0.584928,0.065654,1.346850,0.415773,0.548201,1.741273
457,-0.328976,-0.167883,0.507984,0.020002,1.336500,-0.406938,0.409655,-0.817682,-0.951102,0.513409
458,-0.110772,0.250395,0.801754,-0.245958,0.432147,0.225537,0.849980,0.484424,-0.053452,0.483384
459,-0.539234,0.321899,-0.062806,0.341571,-0.207018,-0.245029,-0.096605,-0.013317,0.895820,0.086643
460,-0.311197,0.498539,1.040531,0.302961,1.258573,-0.009748,1.027535,0.387602,-0.154841,1.319987
461,0.903229,0.482300,0.389402,0.546034,-1.234046,0.270713,0.411798,0.930625,0.506060,1.535243
462,-1.020885,-0.516847,-1.527615,-0.008104,0.296545,-0.638659,-1.608172,-0.191728,0.140114,-1.077135
463,-1.134461,-1.833323,0.172760,-0.996448,0.241383,-0.884854,0.132778,-0.138279,-0.087610,0.677289
464,-0.019219,-0.357545,-0.729727,-0.578134,-0.377249,-0.353344,-0.677263,-0.723515,-0.161827,-1.883206
465,0.913687,0.700893,0.162829,0.548996,-0.145453,-0.266788,0.238409,1.352610,0.294133,1.520129
466,0.406395,0.026111,0.722245,0.305221,1.513073,0.245677,0.762626,1.265113,0.069140,1.317828
467,0.138195,-0.549359,1.165188,-0.467729,-0.684161,0.230452,1.095822,1.346986,-0.261805,-0.084871
468,-1.536498,-1.581727,-1.156628,-1.076846,-0.649894,-1.261433,-1.109863,-1.103987,-2.441537,-0.196040
469,0.709772,0.799328,-0.293337,0.976985,0.142979,0.522662,-0.299430,0.014417,0.361428,-0.948342
470,-0.474931,-0.708951,-1.608209,-0.106038,-1.287951,-0.011836,-1.404491,-0.580047,-0.327130,-1.694644
471,0.808723,0.586302,-0.327479,0.228653,-1.081139,-0.658437,-0.214915,-0.060953,0.617319,-0.060503
472,0.981219,0.736458,0.467772,0.822943,-0.762125,-0.254568,0.316203,-0.480667,-0.235451,1.586916
473,0.385559,0.370855,-2.011219,0.443811,-0.201113,-0.488593,-1.891974,-0.909836,-0.034993,-0.979510
474,-0.214388,0.440504,0.866151,-0.068397,-0.380732,-0.717097,0.839711,0.743835,-0.444914,-0.684909
475,-0.481226,0.327042,0.045389,0.469063,-1.671441,0.679787,0.087326,-0.727864,-0.658538,-0.699603
476,-0.588674,0.004170,-2.221397,-1.152102,-0.380387,-0.758291,-2.239462,-1.734465,0.990127,-1.346717
477,-1.388798,-0.528146,0.656689,-1.343864,0.424798,-0.271649,0.643352,-1.191345,-0.771939,-0.522606
478,0.639704,-0.604562,0.131877,0.158280,-0.643374,-0.755311,0.167953,-0.198903,0.418086,1.510827
479,-1.411431,-0.205405,-0.490673,-0.553240,-1.512501,0.349129,-0.412007,-0.953862,0.144394,-1.191425
480,-1.271185,-1.535135,-1.353961,-1.929746,-0.805042,-1.452021,-1.401332,-2.096299,-1.280736,0.023183
481,0.882273,1.239237,1.244726,0.813149,1.322043,1.417511,1.262490,0.829253,0.974948,0.655578
482,-0.913485,-1.494199,0.555652,-0.052149,2.016046,-2.120913,0.536170,0.285581,-1.276631,0.291593
483,1.279422,0.963159,0.077668,0.216665,-0.715397,0.521719,0.112603,0.030368,1.869449,0.167548
484,0.703613,0.269481,0.564836,0.660085,-1.108246,0.461895,0.379755,1.005359,-0.266514,-0.044242
485,-0.721836,-0.579046,-1.177523,-0.957740,-0.717216,-0.278380,-0.999334,-0.335538,-0.483877,-1.684799
486,0.859353,1.125545,1.136241,1.103094,-1.242690,1.559602,1.178385,0.411886,0.999263,0.673427
487,0.691884,0.219447,0.729162,-0.059448,-0.764047,0.271906,0.688257,1.328899,0.019213,-0.231960
488,-0.644692,-1.298072,-0.923719,-1.216177,0.173102,-0.523426,-0.835140,-1.353283,-1.423959,-1.215954
489,-0.758470,-1.033062,-0.071757,-0.258276,-0.880276,0.218702,-0.118021,-0.425827,-1.247084,-1.426310
490,0.147251,0.053146,0.445241,0.715945,0.122574,0.576188,0.439402,-0.768737,0.072845,0.100732
491,1.367409,0.764950,0.074405,1.051848,-1.703371,0.206503,-0.023349,0.746478,0.162122,1.461955
492,-0.133104,-0.202076,0.294423,-0.761463,1.507337,0.303717,0.181487,-0.865675,-0.189599,0.567978
493,-0.180412,-0.329380,0.585584,-0.552606,-1.295226,-0.815926,0.606603,0.815103,-0.252374,-0.418217
494,0.867329,0.665035,-0.363474,0.585677,-0.448906,1.277667,-0.409836,0.033446,0.565094,0.105056
495,0.277608,-0.634186,0.742559,-1.126023,1.715230,0.122554,0.611843,0.508893,-0.696553,1.187233
496,0.146163,-0.872127,1.188907,-0.077452,-0.258843,-0.853622,1.105604,-0.622759,-1.328122,-0.415186
497,-1.942037,-1.135576,-1.065543,-1.939093,-0.616544,-1.968703,-1.027355,-1.708562,-1.283120,-1.328371
498,1.808842,1.891849,0.162527,1.320549,-0.001281,0.240540,0.131748,0.984625,0.322152,0.259217
499,0.198013,0.450577,1.410164,-0.770358,-0.953109,-0.163221,1.522497,0.851079,-0.125854,0.919922
500,-0.906594,-1.612300,-1.796287,-1.702907,-0.021947,-2.047719,-1.886434,-1.695476,-2.130419,-0.102013
